"id","NAME","POS","TEAM","ADP","OVERALL","POSITION"
"5daf3960-25f3-402a-800a-41f8ae4c38b5","Jahmyr Gibbs","RB","DET","1.1","1","RB1"
"25cbfc55-cb8a-4589-85de-e91870f65952","Bijan Robinson","RB","ATL","2.0","2","RB2"
"e05bf051-69f3-4483-8ce3-20b365a19cac","Ja'Marr Chase","WR","CIN","3.1","3","WR1"
"cedb5dc7-eb8d-4928-bf85-aea13ee90967","Puka Nacua","WR","LA","4.2","4","WR2"
"22bb912e-3c0d-498f-8ef9-86d332d90e1b","Christian McCaffrey","RB","SF","6.0","5","RB3"
"c34627c5-0225-45a3-b729-c49827bf5a8e","Jonathan Taylor","RB","IND","7.7","6","RB4"
"ad8c9f6a-fee3-4edf-95a9-83208575555e","Jaxon Smith-Njigba","WR","SEA","5.5","7","WR3"
"da561afd-b293-4e29-8986-fe658247131d","Amon-Ra St. Brown","WR","DET","7.2","8","WR4"
"60d2284c-5727-4476-8eaa-fa734e0d9f01","James Cook","RB","BUF","9.9","9","RB5"
"21ec9ffa-959e-4e5e-8d64-88776b1b4150","CeeDee Lamb","WR","DAL","9.9","10","WR5"
"674152bc-219e-4a7e-88e1-0b7bab267127","Saquon Barkley","RB","PHI","12.9","11","RB6"
"3ccbc4c7-afff-4477-93c6-10c823f53098","Justin Jefferson","WR","MIN","10.8","12","WR6"
"57c18f3f-4ec5-4e23-9fb1-ea9b9d35ea95","Kenneth Walker III","RB","KC","14.1","13","RB7"
"3ab31e43-ec23-46c5-b59d-b3850ad1ae3a","De'Von Achane","RB","MIA","16.6","14","RB8"
"6ed8fa4f-065c-4166-bd39-81555e655948","Chase Brown","RB","CIN","14.1","15","RB9"
"9eafc1c1-9dcf-40c6-a66c-10a04e720600","Derrick Henry","RB","BLT","16.6","16","RB10"
"9f4b0912-cb1e-4d16-b82b-45b05b012839","Ashton Jeanty","RB","LV","16.7","17","RB11"
"87e96674-63b1-4d0d-bc76-32e0d9327539","Omarion Hampton","RB","LAC","16.0","18","RB12"
"d7fc5a7b-bbb5-4b53-a9d4-58780f9d3ba1","A.J. Brown","WR","NE","18.3","19","WR7"
"2b821176-4aeb-4159-b49e-c87dfc4a25d9","Drake London","WR","ATL","22.1","20","WR8"
"bcd9dd40-142a-4f3c-b47e-654117d32658","Nico Collins","WR","HST","21.8","21","WR9"
"91204d39-aa4f-4927-9728-3c80fde04371","Brock Bowers","TE","LV","20.1","22","TE1"
"c07c6a7e-5738-4d6d-9cc6-5e8ce3707358","Malik Nabers","WR","NYG","22.2","23","WR10"
"02c7a4a9-1a8c-43b9-9b1c-d3eba62cfa47","George Pickens","WR","DAL","23.6","24","WR11"
"15a3bde4-5f94-46b8-9b44-928336c230fd","Breece Hall","RB","NYJ","31.4","25","RB13"
"83a1c1dd-93ee-4997-ae2b-139466d923ed","Chris Olave","WR","NO","26.7","26","WR12"
"1f6e0b0d-f18a-41cd-8df6-18d49ef463c1","Rashee Rice","WR","KC","27.4","27","WR13"
"38b6b4a2-35c6-47c8-9f89-758091b3a630","Javonte Williams","RB","DAL","33.2","28","RB14"
"03e908d2-14b1-49ed-a6e6-56e41a5e9988","Kyren Williams","RB","LA","30.2","29","RB15"
"41e96471-3191-4cbd-966d-e240e1b3deeb","DeVonta Smith","WR","PHI","27.6","30","WR14"
"1cc09dd6-2918-4379-b17a-562dc04857c5","Jeremiyah Love","RB","ARZ","29.6","31","RB16"
"e75fdadf-f9d2-44d5-8f0b-2308f7b00ab0","Zay Flowers","WR","BLT","31.2","32","WR15"
"c983ef21-e50f-42a8-b7b1-eb75b071a74f","Josh Allen","QB","BUF","36.9","33","QB1"
"6f55c5db-6322-482c-a15b-4d659d3bb07d","Tee Higgins","WR","CIN","34.9","34","WR16"
"2955db5c-a718-4e9b-a9bf-c9c51a1a4c11","Trey McBride","TE","ARZ","29.2","35","TE2"
"56790984-c8f7-499a-a5cd-74c77b38028c","Ladd McConkey","WR","LAC","33.5","36","WR17"
"01714e65-49e3-4185-8e4a-6a7ae051d5bf","Josh Jacobs","RB","GB","41.9","37","RB17"
"473889a2-a6c7-4912-9c96-1665a08877e1","Garrett Wilson","WR","NYJ","39.1","38","WR18"
"35636630-0a9c-41d1-a63e-14c33291ebf7","Emeka Egbuka","WR","TB","36.0","39","WR19"
"4b14baf1-115c-4fde-b12b-fa3ec53ab612","David Montgomery","RB","HST","47.4","40","RB18"
"64d36d44-e477-496c-8250-80bc47e1d6d6","Travis Etienne","RB","NO","39.9","41","RB19"
"fdd6ca8b-286d-4eb3-86e0-d2f970f6fa9c","Jaylen Waddle","WR","DEN","37.1","42","WR20"
"a3a3a72e-899e-4bbb-962d-dd308af3a320","Tetairoa McMillan","WR","CAR","40.9","43","WR21"
"6e351f30-740b-4649-b1c3-28b52f7ee0a4","Bhayshul Tuten","RB","JAX","49.5","44","RB20"
"3e1631ff-095d-431f-9df2-e30c87ace2b0","Jameson Williams","WR","DET","50.6","45","WR22"
"dc3bcebb-9e77-437c-9f51-57548947a981","D'Andre Swift","RB","CHI","44.2","46","RB21"
"61dc9c11-cbf2-4508-bc17-54da23abfb8d","Davante Adams","WR","LA","52.0","47","WR23"
"c06c8642-d1d0-4df1-8254-ee4e0ea70c5f","Terry McLaurin","WR","WAS","49.1","48","WR24"
"fed6c701-5437-4965-b008-d65eb8280fea","Mike Evans","WR","SF","52.3","49","WR25"
"667ca3ed-1519-414d-83e0-30bf2dc21162","Luther Burden III","WR","CHI","45.2","50","WR26"
"719db736-34b5-4990-ae8a-86d851f9eb37","Quinshon Judkins","RB","CLV","54.8","51","RB22"
"081d65a4-1d29-40ff-9ca1-dabad6887ff2","Cam Skattebo","RB","NYG","46.5","52","RB23"
"4cf7c6ab-95f6-4e5f-adaa-ec47c1198dd1","Colston Loveland","TE","CHI","43.8","53","TE3"
"9dd90ca5-f85f-4823-863c-f5fc1719835c","Lamar Jackson","QB","BLT","56.7","54","QB2"
"9853a3b5-067e-4aee-9388-4e21fa09d7d9","Bucky Irving","RB","TB","53.1","55","RB24"
"00d5b7d1-4bbd-4b38-8f4b-b40348f13e55","DJ Moore","WR","BUF","52.5","56","WR27"
"42a418b0-461c-4841-9c74-8f4a3547239c","Christian Watson","WR","GB","57.1","57","WR28"
"e91cddd5-487d-4d8b-8131-c85691917e82","Rome Odunze","WR","CHI","57.9","58","WR29"
"13a35139-f4c3-4f11-a2ee-13e427f57852","Parker Washington","WR","JAX","56.6","59","WR30"
"e1bb7729-b87e-4abc-9743-f469d20839bd","Drake Maye","QB","NE","67.0","60","QB3"
"c7bcbb9b-7598-4810-982a-bfd189daf987","Jadarian Price","RB","SEA","59.5","61","RB25"
"986f5827-6ed9-4992-9c64-df54cc33c2b2","Jayden Daniels","QB","WAS","69.8","62","QB4"
"54ddd66e-ce84-4ff8-979d-6cc9e1ff78ff","TreVeyon Henderson","RB","NE","60.5","63","RB26"
"89d88336-52d9-468c-bbe3-c1167c2e7819","Carnell Tate","WR","TEN","63.1","64","WR31"
"ac9035c0-d09b-4223-8db3-76c7994fd11a","Brian Thomas Jr.","WR","JAX","64.8","65","WR32"
"96b8e2a1-4f67-4f4f-807f-861566d4461c","Jalen Hurts","QB","PHI","72.4","66","QB5"
"017da9b8-968f-4baa-858f-d8bbf32373ee","Rhamondre Stevenson","RB","NE","67.7","67","RB27"
"f5231907-10c2-4638-83c2-43ec8f3394c3","Joe Burrow","QB","CIN","68.3","68","QB6"
"7c4c6c1d-bce9-45e7-9578-1eb5b4ace271","Tyler Warren","TE","IND","63.3","69","TE4"
"d407419c-8b2a-4590-b343-2f813554d6e0","Marvin Harrison Jr.","WR","ARZ","66.2","70","WR33"
"41bac526-b103-4a40-9142-dcef21e5da72","Jaylen Warren","RB","PIT","70.1","71","RB28"
"dd7ba07b-e45a-4e8a-af56-8123a2ec1e8e","Quentin Johnston","WR","LAC","75.4","72","WR34"
"e46168ce-4da2-4a27-8ccd-8a986b4f5e3a","DK Metcalf","WR","PIT","74.2","73","WR35"
"b63d54a7-769e-4dd3-8ba8-bc1e865afc2f","Tony Pollard","RB","TEN","77.7","74","RB29"
"9b7b55a2-3b03-4e52-8928-eb34d7c82baa","Dak Prescott","QB","DAL","80.2","75","QB7"
"b44b6d29-a02e-48ae-9b60-1f2202464ba9","Jonathon Brooks","RB","CAR","76.1","76","RB30"
"ef35a5ca-57be-43d7-a55b-d4d568091425","Jayden Reed","WR","GB","78.1","77","WR36"
"c8b20835-6103-48bb-bf86-dfbb883649d5","Courtland Sutton","WR","DEN","82.7","78","WR37"
"8b23a214-cb44-4db0-a1f2-10a1d6c9e8bf","Caleb Williams","QB","CHI","73.3","79","QB8"
"be421b67-977b-4ab9-a9c8-282f1548706d","Justin Herbert","QB","LAC","84.1","80","QB9"
"2b64247d-26af-48b7-bcb9-20ae6c38caee","Trevor Lawrence","QB","JAX","86.6","81","QB10"
"8b881421-a482-4cae-83bd-a19a96ec5eda","Rico Dowdle","RB","PIT","83.7","82","RB31"
"cf099f63-ced6-4321-9a10-2b3ef7692315","Jordan Addison","WR","MIN","88.6","83","WR38"
"4efc8624-dc36-4242-b1cb-0cc6d3862174","Stefon Diggs","WR","WAS","93.2","84","WR39"
"11818a85-2fd9-4efd-aba2-bb18fc46a486","Makai Lemon","WR","PHI","80.7","85","WR40"
"e97d1607-52ac-43a6-80f0-a630cab1e74b","Josh Downs","WR","IND","83.1","86","WR41"
"fbe947d5-246f-4e65-9c82-fe7480240b81","Blake Corum","RB","LA","87.1","87","RB32"
"de7ad4ba-381a-4899-b682-01c237566a46","Tucker Kraft","TE","GB","77.2","88","TE5"
"8a17ba41-08bf-455e-852c-e5f9776021af","Patrick Mahomes","QB","KC","97.5","89","QB11"
"01220bfd-6610-4092-8c91-df5780313d9d","Sam LaPorta","TE","DET","91.1","90","TE6"
"877b2b95-1014-448a-9255-a4ec6dad9330","Chris Godwin Jr.","WR","TB","84.2","91","WR42"
"9e061e7d-b8a9-4457-903c-59e107eaea12","Michael Wilson","WR","ARZ","90.3","92","WR43"
"9ecd93f6-17dd-447b-96b7-8d54ca4ca886","Michael Pittman","WR","PIT","101.3","93","WR44"
"942801d0-c4ad-4d2b-b971-34cc675ed8f8","Chuba Hubbard","RB","CAR","98.1","94","RB33"
"8abc1bed-0838-40ba-8959-45444bf778a5","RJ Harvey","RB","DEN","87.8","95","RB34"
"9b619115-cbc1-481f-869a-afb01b859710","Jaxson Dart","QB","NYG","104.2","96","QB12"
"a732f00b-cb01-4c0d-8b64-6d8b605bf45f","Brock Purdy","QB","SF","102.9","97","QB13"
"11fab77a-8096-44ac-a426-6b8c9fddc723","Kyle Pitts","TE","ATL","101.9","98","TE7"
"4aed4cc8-9362-4dd7-a829-1b2d891c445a","Alec Pierce","WR","IND","95.6","99","WR45"
"897642f1-74d8-4cf7-8a33-7fbcbd48d248","Bo Nix","QB","DEN","106.2","100","QB14"
"f2a26eb3-26f1-4b6a-ae58-42c5ea9341e8","J.K. Dobbins","RB","DEN","96.0","101","RB35"
"d83ad27b-1a9b-49ac-984e-49453f424c9f","Kenny Gainwell","RB","TB","109.0","102","RB36"
"dd0faf01-71b1-4348-8299-d0de3d50c0da","George Kittle","TE","SF","111.6","103","TE8"
"77e88416-ec46-49cf-9997-ee83acddb499","Harold Fannin Jr.","TE","CLV","105.1","104","TE9"
"7d59fc1e-990c-4002-994f-3c5e32b058ca","Jordyn Tyson","WR","NO","93.7","105","WR46"
"d18a8c9c-dc6a-4ed2-af27-a631c40f0cb2","Jacory Croskey-Merritt","RB","WAS","100.0","106","RB37"
"be568056-c66d-40fb-8c19-3185c357ced5","Matthew Stafford","QB","LA","110.7","107","QB15"
"0ceab1e0-16a3-42ce-9607-b5bdaf4697b2","Jakobi Meyers","WR","JAX","120.5","108","WR47"
"a7519d55-5b58-4b16-a1ca-dce4c21ab284","Kyle Monangai","RB","CHI","108.0","109","RB38"
"3eabec6e-44d1-4e00-b975-7981b019494e","Matthew Golden","WR","GB","100.1","110","WR48"
"2c318b1c-13a5-4722-a649-8d9c35a8f50e","Kyler Murray","QB","MIN","115.0","111","QB16"
"0b41b52c-c6f3-43bd-a655-35023705d92e","KC Concepcion","WR","CLV","110.8","112","WR49"
"1a21a150-0d38-4c37-a228-a81f61b16211","Jared Goff","QB","DET","111.7","113","QB17"
"28528dbe-2b54-4e90-8daf-b40ff16f4fcb","Romeo Doubs","WR","NE","117.2","114","WR50"
"609c7ac6-7a6a-49e2-bc37-6ad755dc8513","Xavier Worthy","WR","KC","107.3","115","WR51"
"1440721b-3ca6-406c-b87a-88e4ad494da5","Jordan Love","QB","GB","116.8","116","QB18"
"48fe455e-166b-42f0-8c77-9b6a9d03d251","Wan'Dale Robinson","WR","TEN","113.8","117","WR52"
"eb7d78fd-a58f-49f4-a5c6-6e75cf6903c0","Aaron Jones","RB","MIN","128.2","118","RB39"
"b1f2f8ae-4b05-4a35-b9fb-6f5a6853e2eb","Rachaad White","RB","WAS","117.7","119","RB40"
"a8f22078-bf09-44cc-882f-b151b0f5d18d","Tyler Shough","QB","NO","126.7","120","QB19"
"2a053c32-61bf-40b3-95b7-3ab291a52d72","Baker Mayfield","QB","TB","123.0","121","QB20"
"d2297be4-c288-4bc4-aad9-fd8e02646776","Malik Willis","QB","MIA","134.0","122","QB21"
"e2ea9022-a228-40b1-b668-5ac1fbe7e174","Travis Kelce","TE","KC","123.6","123","TE10"
"9e29ed5f-9125-4b00-8da2-5d01f868aa5f","Dallas Goedert","TE","PHI","132.8","124","TE11"
"db550ba6-f791-445d-a02c-65d4b8967c52","Mark Andrews","TE","BLT","133.6","125","TE12"
"58a9eb5e-0e5a-43e0-8a84-f29aaab96c0e","Dalton Kincaid","TE","BUF","120.4","126","TE13"
"77b3cf07-cf9b-4068-832f-4f787e7e7259","De'Zhaun Stribling","WR","SF","110.4","127","WR53"
"7d7766b7-6c5c-4a3f-9d89-adda8940df3d","Deebo Samuel Sr.","WR","SF","127.7","128","WR54"
"9077a1e5-ae83-43f2-ad88-8e44df2d6f4d","Jake Ferguson","TE","DAL","135.7","129","TE14"
"d4cb3ff5-5305-4c85-a51d-fe7136b0d10f","Isaiah Likely","TE","NYG","126.6","130","TE15"
"03132f54-3982-4620-8495-c8fb6ec423f8","Jalen Coker","WR","CAR","129.6","131","WR55"
"b079ce97-bdb3-4e94-b739-e7ba71472c39","Jordan Mason","RB","MIN","97.1","132","RB41"
"a84c94e2-eaef-4db4-b83d-08c6c6156581","Khalil Shakir","WR","BUF","131.1","133","WR56"
"4d3349f4-94a4-4d53-bdcb-8d754c37a315","Juwan Johnson","TE","NO","142.1","134","TE16"
"233c11ab-0b40-42d2-9e1c-57b9df68969d","Sam Darnold","QB","SEA","142.7","135","QB22"
"e950f611-f934-488d-ad6a-3fac1c89a3f2","Rashid Shaheed","WR","SEA","134.6","136","WR57"
"5b54e335-28d1-4a11-bca1-3fe22ed959e3","Keaton Mitchell","RB","LAC","130.2","137","RB42"
"e08333f4-72da-4d6b-8a4a-7258093eda3c","C.J. Stroud","QB","HST","147.2","138","QB23"
"f9b4b51b-3d0e-47b6-bbc4-d73ed3340f82","Daniel Jones","QB","IND","145.0","139","QB24"
"2a6806b0-2be1-47bc-9adc-84f7348bdf22","Keenan Allen","WR","IND","155.6","140","WR58"
"5d942e20-efde-4e9b-b4be-8112da68037a","Denzel Boston","WR","CLV","141.7","141","WR59"
"f8a8ab57-e237-4732-830d-7e0d5edd2620","Brenton Strange","TE","JAX","151.3","142","TE17"
"5387ce75-723a-46f8-a393-b0bd2207291c","Tre Tucker","WR","LV","151.5","143","WR60"
"a0dcb808-0e55-4c54-b3cb-7e7cf245840b","Chris Rodriguez Jr.","RB","JAX","123.6","144","RB43"
"aa36686a-7005-49d2-8db8-2ccbe6e483e0","Hunter Henry","TE","NE","154.5","145","TE18"
"9f843748-952c-4e26-b336-d35a73a18c2e","Chig Okonkwo","TE","WAS","148.3","146","TE19"
"9abe9b0f-ac15-496a-9fe6-8e2936d122c1","Tyler Allgeier","RB","ARZ","140.0","147","RB44"
"d8e5727e-53e4-4983-80a8-d9348f58c050","MarShawn Lloyd","RB","GB","148.6","148","RB45"
"9fd3effd-2d57-43d1-9da9-118e0aa3689b","Dalton Schultz","TE","HST","161.9","149","TE20"
"92537de5-d0be-45ec-b8ad-bf0ee3ddce60","Jalen McMillan","WR","TB","158.3","150","WR61"
"5df1a513-165c-4a68-8430-397522553e27","Dontayvion Wicks","WR","PHI","160.6","151","WR62"
"3f365df5-b74c-451c-a67d-e3ad460752aa","Woody Marks","RB","HST","137.0","152","RB46"
"5a5bfcaa-e87c-4ace-8f2c-5c494dd7950e","Mike Washington Jr.","RB","LV","143.0","153","RB47"
"05a6881d-5311-49a0-be02-83b85e831b2b","Tyjae Spears","RB","TEN","156.3","154","RB48"
"e77fc2ba-9f10-418d-8133-14b993d3f59e","Jonah Coleman","RB","DEN","143.6","155","RB49"
"e351f43e-e09b-4509-be8b-9bfa83d46ad7","Ryan Flournoy","WR","DAL","169.8","156","WR63"
"38bdcde6-0f06-4c83-8e57-6a1d562e57b2","Jalen Nailor","WR","LV","151.3","157","WR64"
"7d34e47d-044c-4a44-90b4-d1ce54549cea","T.J. Hockenson","TE","MIN","169.2","158","TE21"
"0f66297e-c3ab-4840-9cea-c73def0f5ab4","Cam Ward","QB","TEN","158.6","159","QB25"
"6b6c0fe5-926b-4c07-869e-932beca840ba","Adonai Mitchell","WR","NYJ","170.2","160","WR65"
"eb6be1fa-c875-4300-87e2-7809671a5a00","Zach Charbonnet","RB","SEA","163.3","161","RB50"
"625be843-9bf8-4602-9029-a88e52b084bd","Terrance Ferguson","TE","LA","158.7","162","TE22"
"da4bbb87-fe7f-4d65-9cbe-c3085d2cbfc1","Dylan Sampson","RB","CLV","170.7","163","RB51"
"0c7ec0aa-bc36-49d5-a402-0cb26a244803","AJ Barner","TE","SEA","175.6","164","TE23"
"748b1bde-0acf-4e4d-bc1d-a634c3188c20","Ja'Kobi Lane","WR","BLT","151.8","165","WR66"
"2555530d-7eab-464c-94f3-15444cc81b0d","Caleb Douglas","WR","MIA","179.6","166","WR67"
"84d2c2de-8b5a-41cd-a571-aa7aafcfbc06","Bryce Young","QB","CAR","166.2","167","QB26"
"d53f8a01-f0d6-441b-b85a-d69b2095642d","Tre Harris","WR","LAC","161.5","168","WR68"
"8346d01a-e5c5-46c8-bb8d-90e142e9926c","Tyrone Tracy Jr.","RB","NYG","154.4","169","RB52"
"a59c3f47-ac4f-4bbc-8ea0-4b0afe04b9dc","Kenyon Sadiq","TE","NYJ","181.0","170","TE24"
"9ad5fbe4-e29b-4c36-a7cb-9309acf60abe","Tank Bigsby","RB","PHI","152.4","171","RB53"
"2b915546-701a-43ba-83b8-14b637feaff5","Tank Dell","WR","HST","181.4","172","WR69"
"807899c2-41e6-4f82-9091-0d34be8ab610","Jauan Jennings","WR","MIN","173.1","173","WR70"
"d11c4534-5691-488e-910d-7707c6c12e44","Geno Smith","QB","NYJ","190.8","174","QB27"
"df9c6e16-ff33-446a-8c7c-7635a409155d","Devaughn Vele","WR","NO","188.0","175","WR71"
"578083fd-28b7-4f25-9ab5-76dac063ab44","Kayshon Boutte","WR","HST","184.8","176","WR72"
"602683fa-4f9e-44ce-b92d-44dcca9ca2a4","Brian Robinson","RB","ATL","185.4","177","RB54"
"86e4ae73-0fb9-4cbe-a457-71f3f7ea2a22","Travis Hunter","WR","JAX","159.3","178","WR73"
"268e4c6c-716d-467c-856a-1297e1c743cf","Cade Otton","TE","TB","193.5","179","TE25"
"05501245-ba7a-4aaa-893b-f4478a2921fd","Cyrus Allen","WR","KC","163.7","180","WR74"
"97ac300b-1153-4a8d-ac58-47f85d74cd51","Pat Bryant","WR","DEN","171.6","181","WR75"
"530624e0-707b-487a-a29e-3d8eb2f85166","Malachi Fields","WR","NYG","192.6","182","WR76"
"9b6b5dd5-bcdf-4155-aa42-9b6c948e851e","Omar Cooper Jr.","WR","NYJ","170.5","183","WR77"
"9ff86d7b-4419-4124-b7f7-45e95948cd07","Malik Washington","WR","MIA","173.7","184","WR78"
"f78d35e4-b166-4fc2-8d37-90fe6c95d790","Chris Bell","WR","MIA","202.5","185","WR79"
"1a2115d5-cf2b-40f2-a512-e4d3fadc60e7","Isiah Pacheco","RB","DET","188.1","186","RB55"
"bade36dc-92a4-4fa5-8238-c737fbceaeb4","Greg Dulcich","TE","MIA","189.2","187","TE26"
"fa3e4ba2-240b-47b4-a67c-6890f336991b","Jaydon Blue","RB","DAL","179.7","188","RB56"
"8b12012c-b9e9-40d8-bb16-f4d696bb150f","Gunnar Helm","TE","TEN","197.8","189","TE27"
"13b2a45b-e31a-4bfd-b88d-a23adef97432","Jaylin Noel","WR","HST","200.5","190","WR80"
"076cc44c-a1fc-4a68-9985-1ddd4875623a","Charlie Kolar","TE","LAC","211.1","191","TE28"
"dbe588a1-cdaf-458e-a0b4-daa450f19bbf","Cooper Kupp","WR","SEA","212.1","192","WR81"
"2367117b-16b7-45a4-970d-9ed4cf3f7e38","Ray Davis","RB","BUF","188.0","193","RB57"
"ef187a90-1a0c-46af-9775-ebaa0fbbc6d1","Pat Freiermuth","TE","PIT","199.3","194","TE29"
"58ef4b7e-c240-4470-8313-46a066fd93b9","Emmett Johnson","RB","KC","189.4","195","RB58"
"392cac47-00b2-4189-b006-58ebc14b23bf","Jerry Jeudy","WR","CLV","203.1","196","WR82"
"76ded0dc-a456-4503-a04d-a4fb41aafbc8","Zachariah Branch","WR","ATL","196.5","197","WR83"
"db9d8880-ccab-480e-8fa3-d0e1c1fe0297","Aaron Rodgers","QB","PIT","184.5","198","QB28"
"4f3c5505-9940-4dfc-bc57-603892bccb40","Germie Bernard","WR","PIT","207.9","199","WR84"
"00fa8a29-92e1-4a0f-b4d1-8fab945cfcd3","Jacoby Brissett","QB","ARZ","200.1","200","QB29"
"e7734d2c-72f2-49da-91b8-6d09036794be","Oronde Gadsden II","TE","LAC","189.3","201","TE30"
"52947412-4003-4b6b-9660-5a2aa4ca1bd7","Calvin Ridley","WR","TEN","203.8","202","WR85"
"6ad094f1-6730-4225-872e-60def37f1efd","Evan Engram","TE","DEN","213.6","203","TE31"
"8d520a36-2e8c-4bd3-84d3-29708cef21ab","Isaac TeSlaa","WR","DET","202.4","204","WR86"
"0b218e62-7871-4c50-99aa-7268ab5c5c28","Fernando Mendoza","QB","LV","188.4","205","QB30"
"8f61d453-4928-4717-a57e-d8f8f21fa211","Alvin Kamara","RB","NO","186.3","206","RB59"
"ad69fd40-04a0-42d9-b8bc-b01b02910d5d","Justice Hill","RB","BLT","213.6","207","RB60"
"42b49068-33a3-4f43-9e66-005433044a40","Michael Mayer","TE","LV","214.5","208","TE32"
"c90c934c-9d10-4836-a138-d8ce1e2198d2","Braelon Allen","RB","NYJ","186.5","209","RB61"
"d580ee61-2ae9-4765-8065-85a4dc403af3","Mike Gesicki","TE","CIN","214.5","210","TE33"
"0c387d43-416a-4895-932c-6ffdf97ff68a","Rashod Bateman","WR","BLT","212.0","211","WR87"
"6687791c-ed7b-4d99-8a3a-a3b4b54e4324","Tyquan Thornton","WR","KC","214.8","212","WR88"
"ae5ffec8-ddb5-44de-bfbe-0ac08be1c2ae","Ted Hurst III","WR","TB","201.3","213","WR89"
"27ddd6aa-fac1-4c95-9d5d-31d471606308","Ty Johnson","RB","BUF","216.0","214","RB62"
"2b4755db-65b8-4ebb-a6ac-dcc87d34c16b","Kaelon Black","RB","SF","192.0","215","RB63"
"dc7ac01a-208f-4915-b6c2-a7f2766b7e1d","Colby Parkinson","TE","LA","212.9","216","TE34"
"9e0fd3fb-73c5-4f37-b250-1b768168bbf1","Antonio Williams","WR","WAS","214.6","217","WR90"
"ae3a35f7-dd56-4915-9dd6-d4b94c9e3b2e","Najee Harris","RB","NYG","204.1","218","RB64"
"e64c7835-a044-4748-9840-2cd5ae669189","Zavion Thomas","WR","CHI","215.8","219","WR91"
"ce461ae0-18b8-4c69-a198-2432c70bd0ea","George Holani","RB","SEA","214.2","220","RB65"
"ec328230-8186-4309-8242-ca1e6c806e58","Deshaun Watson","QB","CLV","214.8","221","QB31"
"c6997cdf-ca0f-4868-b272-566f4225afd0","Colbie Young","WR","CIN","215.8","222","WR92"
"de7bde14-cf9f-4b06-98f4-8c52c41bf649","David Njoku","TE","LAC","209.9","223","TE35"
"96e67ed5-d19b-461e-bd32-6ab1bb7a7697","Samaje Perine","RB","CIN","214.0","224","RB66"
"ad50c6db-b65f-462d-a607-ea75895ed062","Jahan Dotson","WR","ATL","215.8","225","WR93"
"37821dcf-6643-47a1-8168-6ee650e7624f","Bryce Lance","WR","NO","215.5","226","WR94"
"5d017d0c-0864-4cec-93d0-e5c68c76fca2","Andrei Iosivas","WR","CIN","215.2","227","WR95"
"3e027734-95ef-495e-bb49-43caf28f632d","Kaytron Allen","RB","WAS","213.1","228","RB67"
"4a119663-b322-43a7-bfd3-19662f4e21b2","Kimani Vidal","RB","LAC","209.9","229","RB68"
"e7ceb8ee-3f04-41d2-ade4-c91891883414","Troy Franklin","WR","DEN","215.2","230","WR96"
"3a013faa-4c46-49e8-bc5d-54d3a9803c1e","Sean Tucker","RB","TB","209.1","231","RB69"
"016f6b17-5612-436b-adf1-c717873cb230","James Conner","RB","ARZ","215.4","232","RB70"
"ee61b327-de07-483b-b872-eb251e6c2613","Darius Slayton","WR","NYG","215.7","233","WR97"
"bcf68759-6db5-45da-b6d9-859dc7a3ba4e","Darnell Mooney","WR","NYG","215.2","234","WR98"
"32bdcf83-11aa-4fef-857a-88419965dbc2","Jack Bech","WR","LV","215.2","235","WR99"
"3f6dd9e5-b0ac-46bc-bbc5-c6ce3f046a19","Emanuel Wilson","RB","SEA","215.8","236","RB71"
"5c1416ec-0b1b-47d6-ad15-6dc75e170caf","Jordan James","RB","SF","214.5","237","RB72"
"088cc763-b559-43bc-a5fa-899f811452ff","Tua Tagovailoa","QB","ATL","214.1","238","QB32"
"02dccdb4-7ecd-4ee5-9fd8-1531213ce3c6","Chris Brooks","RB","GB","216.0","239","RB73"
"1667e6e5-2d54-4f7c-80fc-94b400a81d5a","Demond Claiborne","RB","MIN","215.3","240","RB74"
"4a2d05c3-cb53-441f-b01f-869caa3d3db1","Michael Penix Jr.","QB","ATL","213.3","241","QB33"
"2cb27cb4-b51e-4a38-8423-6d72866efedb","Malik Benson","WR","LV","215.8","242","WR100"
"4b055bc7-6f2a-4ed2-8027-9e9d73a98adf","Kirk Cousins","QB","LV","215.5","243","QB34"